source,target
0,1
0,6
1,0
1,2
1,7
2,1
2,8
3,4
3,10
4,3
4,5
4,11
5,4
5,12
6,0
6,7
6,16
7,1
7,6
7,8
7,17
8,2
8,7
8,18
9,20
10,3
10,11
10,24
11,4
11,10
11,12
11,25
12,5
12,11
12,13
12,26
13,12
13,14
13,27
14,13
14,28
15,16
15,34
16,6
16,15
16,17
16,35
17,7
17,16
17,18
17,36
18,8
18,17
18,19
18,37
19,18
19,20
19,38
20,9
20,19
20,21
20,39
21,20
21,22
21,40
22,21
22,23
22,41
23,22
23,24
23,42
24,10
24,23
24,25
24,43
25,11
25,24
25,26
25,44
26,12
26,25
26,27
27,13
27,26
27,28
28,14
28,27
28,29
28,45
29,28
29,46
30,31
30,50
31,30
31,32
31,51
32,31
32,33
32,52
33,32
33,34
33,53
34,15
34,33
34,35
34,54
35,16
35,34
35,36
35,55
36,17
36,35
36,37
36,56
37,18
37,36
37,38
37,57
38,19
38,37
38,39
38,58
39,20
39,38
39,40
39,59
40,21
40,39
40,41
40,60
41,22
41,40
41,42
42,23
42,41
42,43
43,24
43,42
43,44
44,25
44,43
45,28
45,46
46,29
46,45
47,48
47,65
48,47
48,49
48,66
49,48
49,50
49,67
50,30
50,49
50,51
50,68
51,31
51,50
51,52
51,69
52,32
52,51
52,53
52,70
53,33
53,52
53,54
53,71
54,34
54,53
54,55
54,72
55,35
55,54
55,56
55,73
56,36
56,55
56,57
56,74
57,37
57,56
57,58
57,75
58,38
58,57
58,59
59,39
59,58
59,60
60,40
60,59
61,62
62,61
63,64
63,79
64,63
64,65
64,80
65,47
65,64
65,66
65,81
66,48
66,65
66,67
66,82
67,49
67,66
67,68
67,83
68,50
68,67
68,69
68,84
69,51
69,68
69,70
69,85
70,52
70,69
70,71
70,86
71,53
71,70
71,72
71,87
72,54
72,71
72,73
72,88
73,55
73,72
73,74
73,89
74,56
74,73
74,75
74,90
75,57
75,74
76,77
76,95
77,76
77,78
77,96
78,77
78,79
78,97
79,63
79,78
79,80
79,98
80,64
80,79
80,81
80,99
81,65
81,80
81,82
81,100
82,66
82,81
82,83
82,101
83,67
83,82
83,84
83,102
84,68
84,83
84,85
84,103
85,69
85,84
85,86
85,104
86,70
86,85
86,87
86,105
87,71
87,86
87,88
87,106
88,72
88,87
88,89
88,107
89,73
89,88
89,90
89,108
90,74
90,89
91,109
92,93
92,114
93,92
93,94
93,115
94,93
94,95
94,116
95,76
95,94
95,96
95,117
96,77
96,95
96,97
96,118
97,78
97,96
97,98
97,119
98,79
98,97
98,99
98,120
99,80
99,98
99,100
99,121
100,81
100,99
100,101
100,122
101,82
101,100
101,102
101,123
102,83
102,101
102,103
102,124
103,84
103,102
103,104
103,125
104,85
104,103
104,105
104,126
105,86
105,104
105,106
105,127
106,87
106,105
106,107
106,128
107,88
107,106
107,108
107,129
108,89
108,107
109,91
109,110
109,130
110,109
110,131
111,112
111,133
112,111
112,113
112,134
113,112
113,114
113,135
114,92
114,113
114,115
114,136
115,93
115,114
115,116
115,137
116,94
116,115
116,117
116,138
117,95
117,116
117,118
117,139
118,96
118,117
118,119
118,140
119,97
119,118
119,120
119,141
120,98
120,119
120,121
120,142
121,99
121,120
121,122
121,143
122,100
122,121
122,123
122,144
123,101
123,122
123,124
123,145
124,102
124,123
124,125
124,146
125,103
125,124
125,126
125,147
126,104
126,125
126,127
126,148
127,105
127,126
127,128
127,149
128,106
128,127
128,129
128,150
129,107
129,128
130,109
130,131
130,152
131,110
131,130
131,132
132,131
132,133
132,153
133,111
133,132
133,134
133,154
134,112
134,133
134,135
134,155
135,113
135,134
135,136
135,156
136,114
136,135
136,137
136,157
137,115
137,136
137,138
137,158
138,116
138,137
138,139
138,159
139,117
139,138
139,140
139,160
140,118
140,139
140,141
140,161
141,119
141,140
141,142
141,162
142,120
142,141
142,143
142,163
143,121
143,142
143,144
143,164
144,122
144,143
144,145
144,165
145,123
145,144
145,146
145,166
146,124
146,145
146,147
146,167
147,125
147,146
147,148
147,168
148,126
148,147
148,149
148,169
149,127
149,148
149,150
149,170
150,128
150,149
151,152
151,171
152,130
152,151
152,172
153,132
153,154
153,174
154,133
154,153
154,155
154,175
155,134
155,154
155,156
155,176
156,135
156,155
156,157
156,177
157,136
157,156
157,158
157,178
158,137
158,157
158,159
158,179
159,138
159,158
159,160
159,180
160,139
160,159
160,161
160,181
161,140
161,160
161,162
161,182
162,141
162,161
162,163
162,183
163,142
163,162
163,164
163,184
164,143
164,163
164,165
164,185
165,144
165,164
165,166
165,186
166,145
166,165
166,167
166,187
167,146
167,166
167,168
167,188
168,147
168,167
168,169
168,189
169,148
169,168
169,170
169,190
170,149
170,169
171,151
171,172
172,152
172,171
172,173
172,191
173,172
173,174
173,192
174,153
174,173
174,175
174,193
175,154
175,174
175,176
175,194
176,155
176,175
176,177
176,195
177,156
177,176
177,178
177,196
178,157
178,177
178,179
178,197
179,158
179,178
179,180
179,198
180,159
180,179
180,181
180,199
181,160
181,180
181,182
181,200
182,161
182,181
182,183
182,201
183,162
183,182
183,184
183,202
184,163
184,183
184,185
184,203
185,164
185,184
185,186
185,204
186,165
186,185
186,187
186,205
187,166
187,186
187,188
187,206
188,167
188,187
188,189
188,207
189,168
189,188
189,190
189,208
190,169
190,189
190,209
191,172
191,192
192,173
192,191
192,193
192,210
193,174
193,192
193,194
193,211
194,175
194,193
194,195
194,212
195,176
195,194
195,196
195,213
196,177
196,195
196,197
196,214
197,178
197,196
197,198
197,215
198,179
198,197
198,199
198,216
199,180
199,198
199,200
199,217
200,181
200,199
200,201
200,218
201,182
201,200
201,202
201,219
202,183
202,201
202,203
202,220
203,184
203,202
203,204
203,221
204,185
204,203
204,205
204,222
205,186
205,204
205,206
205,223
206,187
206,205
206,207
206,224
207,188
207,206
207,208
207,225
208,189
208,207
208,209
208,226
209,190
209,208
210,192
210,211
211,193
211,210
211,212
211,227
212,194
212,211
212,213
212,228
213,195
213,212
213,214
213,229
214,196
214,213
214,215
214,230
215,197
215,214
215,216
215,231
216,198
216,215
216,217
216,232
217,199
217,216
217,218
217,233
218,200
218,217
218,219
218,234
219,201
219,218
219,220
219,235
220,202
220,219
220,221
220,236
221,203
221,220
221,222
221,237
222,204
222,221
222,223
222,238
223,205
223,222
223,224
223,239
224,206
224,223
224,225
224,240
225,207
225,224
225,226
225,241
226,208
226,225
226,242
227,211
227,228
227,243
228,212
228,227
228,229
228,244
229,213
229,228
229,230
229,245
230,214
230,229
230,231
230,246
231,215
231,230
231,232
231,247
232,216
232,231
232,233
232,248
233,217
233,232
233,234
233,249
234,218
234,233
234,235
234,250
235,219
235,234
235,236
235,251
236,220
236,235
236,237
236,252
237,221
237,236
237,238
237,253
238,222
238,237
238,239
238,254
239,223
239,238
239,240
239,255
240,224
240,239
240,241
240,256
241,225
241,240
241,242
241,257
242,226
242,241
242,258
243,227
243,244
243,260
244,228
244,243
244,245
244,261
245,229
245,244
245,246
245,262
246,230
246,245
246,247
246,263
247,231
247,246
247,248
247,264
248,232
248,247
248,249
248,265
249,233
249,248
249,250
249,266
250,234
250,249
250,251
250,267
251,235
251,250
251,252
251,268
252,236
252,251
252,253
252,269
253,237
253,252
253,254
253,270
254,238
254,253
254,255
254,271
255,239
255,254
255,256
255,272
256,240
256,255
256,257
256,273
257,241
257,256
257,258
257,274
258,242
258,257
258,259
258,275
259,258
259,276
260,243
260,261
261,244
261,260
261,262
261,277
262,245
262,261
262,263
262,278
263,246
263,262
263,264
263,279
264,247
264,263
264,265
264,280
265,248
265,264
265,266
265,281
266,249
266,265
266,267
266,282
267,250
267,266
267,268
267,283
268,251
268,267
268,269
268,284
269,252
269,268
269,270
269,285
270,253
270,269
270,271
270,286
271,254
271,270
271,272
271,287
272,255
272,271
272,273
272,288
273,256
273,272
273,274
273,289
274,257
274,273
274,275
274,290
275,258
275,274
275,276
275,291
276,259
276,275
276,292
277,261
277,278
278,262
278,277
278,279
279,263
279,278
279,280
279,293
280,264
280,279
280,281
280,294
281,265
281,280
281,282
281,295
282,266
282,281
282,283
282,296
283,267
283,282
283,284
283,297
284,268
284,283
284,285
284,298
285,269
285,284
285,286
285,299
286,270
286,285
286,287
286,300
287,271
287,286
287,288
287,301
288,272
288,287
288,289
288,302
289,273
289,288
289,290
289,303
290,274
290,289
290,291
290,304
291,275
291,290
291,292
291,305
292,276
292,291
292,306
293,279
293,294
294,280
294,293
294,295
295,281
295,294
295,296
295,308
296,282
296,295
296,297
296,309
297,283
297,296
297,298
297,310
298,284
298,297
298,299
298,311
299,285
299,298
299,300
299,312
300,286
300,299
300,301
300,313
301,287
301,300
301,302
301,314
302,288
302,301
302,303
302,315
303,289
303,302
303,304
303,316
304,290
304,303
304,305
304,317
305,291
305,304
305,306
305,318
306,292
306,305
306,307
306,319
307,306
307,320
308,295
308,309
308,322
309,296
309,308
309,310
309,323
310,297
310,309
310,311
310,324
311,298
311,310
311,312
311,325
312,299
312,311
312,313
312,326
313,300
313,312
313,314
313,327
314,301
314,313
314,315
314,328
315,302
315,314
315,316
315,329
316,303
316,315
316,317
316,330
317,304
317,316
317,318
317,331
318,305
318,317
318,319
318,332
319,306
319,318
319,320
319,333
320,307
320,319
320,334
321,322
321,335
322,308
322,321
322,323
322,336
323,309
323,322
323,324
323,337
324,310
324,323
324,325
324,338
325,311
325,324
325,326
325,339
326,312
326,325
326,327
326,340
327,313
327,326
327,328
327,341
328,314
328,327
328,329
328,342
329,315
329,328
329,330
329,343
330,316
330,329
330,331
330,344
331,317
331,330
331,332
331,345
332,318
332,331
332,333
332,346
333,319
333,332
333,334
333,347
334,320
334,333
334,348
335,321
335,336
335,351
336,322
336,335
336,337
336,352
337,323
337,336
337,338
337,353
338,324
338,337
338,339
338,354
339,325
339,338
339,340
339,355
340,326
340,339
340,341
340,356
341,327
341,340
341,342
341,357
342,328
342,341
342,343
342,358
343,329
343,342
343,344
343,359
344,330
344,343
344,345
344,360
345,331
345,344
345,346
345,361
346,332
346,345
346,347
346,362
347,333
347,346
347,348
347,363
348,334
348,347
348,364
349,366
350,351
350,369
351,335
351,350
351,352
351,370
352,336
352,351
352,353
352,371
353,337
353,352
353,354
353,372
354,338
354,353
354,355
354,373
355,339
355,354
355,356
355,374
356,340
356,355
356,357
356,375
357,341
357,356
357,358
357,376
358,342
358,357
358,359
358,377
359,343
359,358
359,360
359,378
360,344
360,359
360,361
360,379
361,345
361,360
361,362
361,380
362,346
362,361
362,363
362,381
363,347
363,362
363,364
363,382
364,348
364,363
364,383
365,366
365,384
366,349
366,365
366,385
367,368
367,387
368,367
368,369
368,388
369,350
369,368
369,370
369,389
370,351
370,369
370,371
370,390
371,352
371,370
371,372
371,391
372,353
372,371
372,373
372,392
373,354
373,372
373,374
373,393
374,355
374,373
374,375
374,394
375,356
375,374
375,376
375,395
376,357
376,375
376,377
376,396
377,358
377,376
377,378
377,397
378,359
378,377
378,379
378,398
379,360
379,378
379,380
379,399
380,361
380,379
380,381
380,400
381,362
381,380
381,382
381,401
382,363
382,381
382,383
382,402
383,364
383,382
383,403
384,365
384,385
384,404
385,366
385,384
385,386
385,405
386,385
386,387
386,406
387,367
387,386
387,388
387,407
388,368
388,387
388,389
388,408
389,369
389,388
389,390
389,409
390,370
390,389
390,391
390,410
391,371
391,390
391,392
391,411
392,372
392,391
392,393
392,412
393,373
393,392
393,394
393,413
394,374
394,393
394,395
394,414
395,375
395,394
395,396
395,415
396,376
396,395
396,397
396,416
397,377
397,396
397,398
397,417
398,378
398,397
398,399
398,418
399,379
399,398
399,400
399,419
400,380
400,399
400,401
400,420
401,381
401,400
401,402
401,421
402,382
402,401
402,403
402,422
403,383
403,402
403,423
404,384
404,405
404,425
405,385
405,404
405,406
405,426
406,386
406,405
406,407
406,427
407,387
407,406
407,408
407,428
408,388
408,407
408,409
408,429
409,389
409,408
409,410
409,430
410,390
410,409
410,411
410,431
411,391
411,410
411,412
411,432
412,392
412,411
412,413
412,433
413,393
413,412
413,414
413,434
414,394
414,413
414,415
414,435
415,395
415,414
415,416
415,436
416,396
416,415
416,417
416,437
417,397
417,416
417,418
417,438
418,398
418,417
418,419
418,439
419,399
419,418
419,420
419,440
420,400
420,419
420,421
420,441
421,401
421,420
421,422
421,442
422,402
422,421
422,423
422,443
423,403
423,422
423,424
423,444
424,423
424,445
425,404
425,426
426,405
426,425
426,427
426,446
427,406
427,426
427,428
427,447
428,407
428,427
428,429
428,448
429,408
429,428
429,430
429,449
430,409
430,429
430,431
430,450
431,410
431,430
431,432
431,451
432,411
432,431
432,433
432,452
433,412
433,432
433,434
433,453
434,413
434,433
434,435
434,454
435,414
435,434
435,436
435,455
436,415
436,435
436,437
436,456
437,416
437,436
437,438
437,457
438,417
438,437
438,439
438,458
439,418
439,438
439,440
439,459
440,419
440,439
440,441
440,460
441,420
441,440
441,442
441,461
442,421
442,441
442,443
442,462
443,422
443,442
443,444
443,463
444,423
444,443
444,445
444,464
445,424
445,444
445,465
446,426
446,447
446,466
447,427
447,446
447,448
447,467
448,428
448,447
448,449
448,468
449,429
449,448
449,450
449,469
450,430
450,449
450,451
450,470
451,431
451,450
451,452
451,471
452,432
452,451
452,453
452,472
453,433
453,452
453,454
453,473
454,434
454,453
454,455
454,474
455,435
455,454
455,456
455,475
456,436
456,455
456,457
456,476
457,437
457,456
457,458
457,477
458,438
458,457
458,459
458,478
459,439
459,458
459,460
459,479
460,440
460,459
460,461
460,480
461,441
461,460
461,462
461,481
462,442
462,461
462,463
462,482
463,443
463,462
463,464
463,483
464,444
464,463
464,465
464,484
465,445
465,464
465,485
466,446
466,467
466,486
467,447
467,466
467,468
467,487
468,448
468,467
468,469
468,488
469,449
469,468
469,470
469,489
470,450
470,469
470,471
470,490
471,451
471,470
471,472
471,491
472,452
472,471
472,473
472,492
473,453
473,472
473,474
473,493
474,454
474,473
474,475
474,494
475,455
475,474
475,476
475,495
476,456
476,475
476,477
476,496
477,457
477,476
477,478
477,497
478,458
478,477
478,479
478,498
479,459
479,478
479,480
479,499
480,460
480,479
480,481
480,500
481,461
481,480
481,482
481,501
482,462
482,481
482,483
482,502
483,463
483,482
483,484
483,503
484,464
484,483
484,485
484,504
485,465
485,484
485,505
486,466
486,487
486,506
487,467
487,486
487,488
487,507
488,468
488,487
488,489
488,508
489,469
489,488
489,490
489,509
490,470
490,489
490,491
490,510
491,471
491,490
491,492
491,511
492,472
492,491
492,493
492,512
493,473
493,492
493,494
493,513
494,474
494,493
494,495
494,514
495,475
495,494
495,496
495,515
496,476
496,495
496,497
496,516
497,477
497,496
497,498
497,517
498,478
498,497
498,499
498,518
499,479
499,498
499,500
499,519
500,480
500,499
500,501
500,520
501,481
501,500
501,502
501,521
502,482
502,501
502,503
502,522
503,483
503,502
503,504
503,523
504,484
504,503
504,505
504,524
505,485
505,504
505,525
506,486
506,507
506,526
507,487
507,506
507,508
507,527
508,488
508,507
508,509
508,528
509,489
509,508
509,510
509,529
510,490
510,509
510,511
510,530
511,491
511,510
511,512
511,531
512,492
512,511
512,513
512,532
513,493
513,512
513,514
513,533
514,494
514,513
514,515
514,534
515,495
515,514
515,516
515,535
516,496
516,515
516,517
516,536
517,497
517,516
517,518
517,537
518,498
518,517
518,519
518,538
519,499
519,518
519,520
519,539
520,500
520,519
520,521
520,540
521,501
521,520
521,522
521,541
522,502
522,521
522,523
522,542
523,503
523,522
523,524
523,543
524,504
524,523
524,525
524,544
525,505
525,524
525,545
526,506
526,527
526,551
527,507
527,526
527,528
527,552
528,508
528,527
528,529
528,553
529,509
529,528
529,530
529,554
530,510
530,529
530,531
530,555
531,511
531,530
531,532
531,556
532,512
532,531
532,533
532,557
533,513
533,532
533,534
533,558
534,514
534,533
534,535
534,559
535,515
535,534
535,536
535,560
536,516
536,535
536,537
536,561
537,517
537,536
537,538
537,562
538,518
538,537
538,539
538,563
539,519
539,538
539,540
539,564
540,520
540,539
540,541
540,565
541,521
541,540
541,542
541,566
542,522
542,541
542,543
542,567
543,523
543,542
543,544
543,568
544,524
544,543
544,545
544,569
545,525
545,544
545,546
545,570
546,545
546,547
546,571
547,546
547,572
548,549
549,548
549,550
550,549
551,526
551,552
552,527
552,551
552,553
552,577
553,528
553,552
553,554
553,578
554,529
554,553
554,555
554,579
555,530
555,554
555,556
555,580
556,531
556,555
556,557
556,581
557,532
557,556
557,558
557,582
558,533
558,557
558,559
558,583
559,534
559,558
559,560
559,584
560,535
560,559
560,561
560,585
561,536
561,560
561,562
561,586
562,537
562,561
562,563
562,587
563,538
563,562
563,564
563,588
564,539
564,563
564,565
564,589
565,540
565,564
565,566
565,590
566,541
566,565
566,567
566,591
567,542
567,566
567,568
567,592
568,543
568,567
568,569
568,593
569,544
569,568
569,570
569,594
570,545
570,569
570,571
570,595
571,546
571,570
571,572
571,596
572,547
572,571
572,573
572,597
573,572
573,574
573,598
574,573
575,576
576,575
577,552
577,578
577,599
578,553
578,577
578,579
578,600
579,554
579,578
579,580
579,601
580,555
580,579
580,581
580,602
581,556
581,580
581,582
581,603
582,557
582,581
582,583
582,604
583,558
583,582
583,584
583,605
584,559
584,583
584,585
584,606
585,560
585,584
585,586
585,607
586,561
586,585
586,587
586,608
587,562
587,586
587,588
587,609
588,563
588,587
588,589
588,610
589,564
589,588
589,590
589,611
590,565
590,589
590,591
590,612
591,566
591,590
591,592
591,613
592,567
592,591
592,593
592,614
593,568
593,592
593,594
593,615
594,569
594,593
594,595
594,616
595,570
595,594
595,596
595,617
596,571
596,595
596,597
596,618
597,572
597,596
597,598
598,573
598,597
599,577
599,600
599,619
600,578
600,599
600,601
600,620
601,579
601,600
601,602
601,621
602,580
602,601
602,603
602,622
603,581
603,602
603,604
603,623
604,582
604,603
604,605
604,624
605,583
605,604
605,606
605,625
606,584
606,605
606,607
606,626
607,585
607,606
607,608
607,627
608,586
608,607
608,609
608,628
609,587
609,608
609,610
609,629
610,588
610,609
610,611
610,630
611,589
611,610
611,612
611,631
612,590
612,611
612,613
612,632
613,591
613,612
613,614
613,633
614,592
614,613
614,615
614,634
615,593
615,614
615,616
615,635
616,594
616,615
616,617
616,636
617,595
617,616
617,618
618,596
618,617
619,599
619,620
620,600
620,619
620,621
620,637
621,601
621,620
621,622
621,638
622,602
622,621
622,623
622,639
623,603
623,622
623,624
623,640
624,604
624,623
624,625
624,641
625,605
625,624
625,626
625,642
626,606
626,625
626,627
626,643
627,607
627,626
627,628
627,644
628,608
628,627
628,629
628,645
629,609
629,628
629,630
629,646
630,610
630,629
630,631
630,647
631,611
631,630
631,632
631,648
632,612
632,631
632,633
632,649
633,613
633,632
633,634
633,650
634,614
634,633
634,635
634,651
635,615
635,634
635,636
635,652
636,616
636,635
637,620
637,638
638,621
638,637
638,639
638,653
639,622
639,638
639,640
639,654
640,623
640,639
640,641
640,655
641,624
641,640
641,642
641,656
642,625
642,641
642,643
642,657
643,626
643,642
643,644
643,658
644,627
644,643
644,645
644,659
645,628
645,644
645,646
645,660
646,629
646,645
646,647
646,661
647,630
647,646
647,648
647,662
648,631
648,647
648,649
648,663
649,632
649,648
649,650
649,664
650,633
650,649
650,651
650,665
651,634
651,650
651,652
651,666
652,635
652,651
652,667
653,638
653,654
654,639
654,653
654,655
654,668
655,640
655,654
655,656
655,669
656,641
656,655
656,657
656,670
657,642
657,656
657,658
657,671
658,643
658,657
658,659
658,672
659,644
659,658
659,660
659,673
660,645
660,659
660,661
660,674
661,646
661,660
661,662
661,675
662,647
662,661
662,663
662,676
663,648
663,662
663,664
663,677
664,649
664,663
664,665
664,678
665,650
665,664
665,666
665,679
666,651
666,665
666,667
666,680
667,652
667,666
667,681
668,654
668,669
669,655
669,668
669,670
669,684
670,656
670,669
670,671
670,685
671,657
671,670
671,672
671,686
672,658
672,671
672,673
672,687
673,659
673,672
673,674
673,688
674,660
674,673
674,675
674,689
675,661
675,674
675,676
675,690
676,662
676,675
676,677
676,691
677,663
677,676
677,678
677,692
678,664
678,677
678,679
678,693
679,665
679,678
679,680
679,694
680,666
680,679
680,681
680,695
681,667
681,680
681,696
682,683
683,682
684,669
684,685
685,670
685,684
685,686
685,700
686,671
686,685
686,687
686,701
687,672
687,686
687,688
687,702
688,673
688,687
688,689
688,703
689,674
689,688
689,690
689,704
690,675
690,689
690,691
690,705
691,676
691,690
691,692
691,706
692,677
692,691
692,693
692,707
693,678
693,692
693,694
693,708
694,679
694,693
694,695
694,709
695,680
695,694
695,696
695,710
696,681
696,695
696,697
696,711
697,696
697,712
698,714
699,717
700,685
700,701
701,686
701,700
701,702
702,687
702,701
702,703
702,722
703,688
703,702
703,704
703,723
704,689
704,703
704,705
704,724
705,690
705,704
705,706
705,725
706,691
706,705
706,707
706,726
707,692
707,706
707,708
707,727
708,693
708,707
708,709
708,728
709,694
709,708
709,710
709,729
710,695
710,709
710,711
710,730
711,696
711,710
711,712
711,731
712,697
712,711
712,713
712,732
713,712
713,733
714,698
715,716
716,715
716,717
716,735
717,699
717,716
717,718
717,736
718,717
718,719
718,737
719,718
719,720
719,738
720,719
720,721
720,739
721,720
721,740
722,702
722,723
723,703
723,722
723,724
723,743
724,704
724,723
724,725
724,744
725,705
725,724
725,726
725,745
726,706
726,725
726,727
726,746
727,707
727,726
727,728
727,747
728,708
728,727
728,729
728,748
729,709
729,728
729,730
729,749
730,710
730,729
730,731
730,750
731,711
731,730
731,732
731,751
732,712
732,731
732,733
732,752
733,713
733,732
733,734
733,753
734,733
734,754
735,716
735,736
736,717
736,735
736,737
736,757
737,718
737,736
737,738
737,758
738,719
738,737
738,739
738,759
739,720
739,738
739,740
739,760
740,721
740,739
740,741
740,761
741,740
741,742
741,762
742,741
742,763
743,723
743,744
744,724
744,743
744,745
745,725
745,744
745,746
746,726
746,745
746,747
747,727
747,746
747,748
747,765
748,728
748,747
748,749
748,766
749,729
749,748
749,750
749,767
750,730
750,749
750,751
750,768
751,731
751,750
751,752
751,769
752,732
752,751
752,753
752,770
753,733
753,752
753,754
753,771
754,734
754,753
754,755
754,772
755,754
755,756
755,773
756,755
756,774
757,736
757,758
758,737
758,757
758,759
758,777
759,738
759,758
759,760
759,778
760,739
760,759
760,761
760,779
761,740
761,760
761,762
761,780
762,741
762,761
762,763
762,781
763,742
763,762
763,764
763,782
764,763
764,783
765,747
765,766
766,748
766,765
766,767
767,749
767,766
767,768
767,785
768,750
768,767
768,769
768,786
769,751
769,768
769,770
769,787
770,752
770,769
770,771
770,788
771,753
771,770
771,772
771,789
772,754
772,771
772,773
772,790
773,755
773,772
773,774
773,791
774,756
774,773
774,775
774,792
775,774
775,776
775,793
776,775
776,794
777,758
777,778
778,759
778,777
778,779
778,796
779,760
779,778
779,780
779,797
780,761
780,779
780,781
780,798
781,762
781,780
781,782
781,799
782,763
782,781
782,783
782,800
783,764
783,782
783,784
783,801
784,783
784,802
785,767
785,786
786,768
786,785
786,787
787,769
787,786
787,788
787,804
788,770
788,787
788,789
788,805
789,771
789,788
789,790
789,806
790,772
790,789
790,791
790,807
791,773
791,790
791,792
791,808
792,774
792,791
792,793
792,809
793,775
793,792
793,794
793,810
794,776
794,793
794,795
794,811
795,794
795,812
796,778
796,797
797,779
797,796
797,798
798,780
798,797
798,799
798,817
799,781
799,798
799,800
799,818
800,782
800,799
800,801
800,819
801,783
801,800
801,802
801,820
802,784
802,801
802,803
802,821
803,802
803,822
804,787
804,805
805,788
805,804
805,806
806,789
806,805
806,807
806,823
807,790
807,806
807,808
807,824
808,791
808,807
808,809
808,825
809,792
809,808
809,810
809,826
810,793
810,809
810,811
810,827
811,794
811,810
811,812
811,828
812,795
812,811
812,813
812,829
813,812
813,814
813,830
814,813
814,831
815,816
816,815
817,798
817,818
817,835
818,799
818,817
818,819
818,836
819,800
819,818
819,820
819,837
820,801
820,819
820,821
820,838
821,802
821,820
821,822
821,839
822,803
822,821
822,840
823,806
823,824
824,807
824,823
824,825
824,841
825,808
825,824
825,826
825,842
826,809
826,825
826,827
826,843
827,810
827,826
827,828
827,844
828,811
828,827
828,829
828,845
829,812
829,828
829,830
829,846
830,813
830,829
830,831
830,847
831,814
831,830
831,832
831,848
832,831
832,849
833,834
834,833
835,817
835,836
836,818
836,835
836,837
836,852
837,819
837,836
837,838
837,853
838,820
838,837
838,839
838,854
839,821
839,838
839,840
839,855
840,822
840,839
840,856
841,824
841,842
842,825
842,841
842,843
843,826
843,842
843,844
843,857
844,827
844,843
844,845
844,858
845,828
845,844
845,846
845,859
846,829
846,845
846,847
846,860
847,830
847,846
847,848
847,861
848,831
848,847
848,849
848,862
849,832
849,848
849,850
849,863
850,849
850,851
850,864
851,850
851,865
852,836
852,853
853,837
853,852
853,854
853,867
854,838
854,853
854,855
854,868
855,839
855,854
855,856
855,869
856,840
856,855
856,870
857,843
857,858
858,844
858,857
858,859
858,872
859,845
859,858
859,860
859,873
860,846
860,859
860,861
860,874
861,847
861,860
861,862
861,875
862,848
862,861
862,863
862,876
863,849
863,862
863,864
863,877
864,850
864,863
864,865
864,878
865,851
865,864
865,866
865,879
866,865
866,880
867,853
867,868
867,883
868,854
868,867
868,869
868,884
869,855
869,868
869,870
869,885
870,856
870,869
870,871
870,886
871,870
871,887
872,858
872,873
873,859
873,872
873,874
874,860
874,873
874,875
874,888
875,861
875,874
875,876
875,889
876,862
876,875
876,877
876,890
877,863
877,876
877,878
877,891
878,864
878,877
878,879
878,892
879,865
879,878
879,880
879,893
880,866
880,879
880,881
880,894
881,880
881,882
881,895
882,881
882,896
883,867
883,884
883,899
884,868
884,883
884,885
884,900
885,869
885,884
885,886
885,901
886,870
886,885
886,887
886,902
887,871
887,886
887,903
888,874
888,889
889,875
889,888
889,890
890,876
890,889
890,891
891,877
891,890
891,892
892,878
892,891
892,893
893,879
893,892
893,894
893,904
894,880
894,893
894,895
894,905
895,881
895,894
895,896
895,906
896,882
896,895
896,897
896,907
897,896
897,898
897,908
898,897
898,909
899,883
899,900
899,911
900,884
900,899
900,901
900,912
901,885
901,900
901,902
901,913
902,886
902,901
902,903
902,914
903,887
903,902
903,915
904,893
904,905
905,894
905,904
905,906
905,916
906,895
906,905
906,907
906,917
907,896
907,906
907,908
907,918
908,897
908,907
908,909
908,919
909,898
909,908
909,910
909,920
910,909
910,921
911,899
911,912
911,923
912,900
912,911
912,913
912,924
913,901
913,912
913,914
913,925
914,902
914,913
914,915
914,926
915,903
915,914
915,927
916,905
916,917
917,906
917,916
917,918
917,928
918,907
918,917
918,919
918,929
919,908
919,918
919,920
919,930
920,909
920,919
920,921
920,931
921,910
921,920
921,922
921,932
922,921
922,933
923,911
923,924
924,912
924,923
924,925
925,913
925,924
925,926
925,935
926,914
926,925
926,927
927,915
927,926
927,936
928,917
928,929
928,938
929,918
929,928
929,930
929,939
930,919
930,929
930,931
930,940
931,920
931,930
931,932
931,941
932,921
932,931
932,933
932,942
933,922
933,932
933,934
933,943
934,933
934,944
935,925
936,927
936,937
937,936
938,928
938,939
939,929
939,938
939,940
939,947
940,930
940,939
940,941
940,948
941,931
941,940
941,942
941,949
942,932
942,941
942,943
942,950
943,933
943,942
943,944
943,951
944,934
944,943
944,945
944,952
945,944
945,953
946,954
947,939
947,948
947,955
948,940
948,947
948,949
948,956
949,941
949,948
949,950
949,957
950,942
950,949
950,951
950,958
951,943
951,950
951,952
951,959
952,944
952,951
952,953
952,960
953,945
953,952
953,961
954,946
955,947
955,956
956,948
956,955
956,957
956,964
957,949
957,956
957,958
957,965
958,950
958,957
958,959
958,966
959,951
959,958
959,960
959,967
960,952
960,959
960,961
960,968
961,953
961,960
961,962
961,969
962,961
962,970
963,973
964,956
964,965
964,975
965,957
965,964
965,966
965,976
966,958
966,965
966,967
966,977
967,959
967,966
967,968
967,978
968,960
968,967
968,969
968,979
969,961
969,968
969,970
969,980
970,962
970,969
970,981
971,972
972,971
972,973
972,982
973,963
973,972
973,974
973,983
974,973
974,984
975,964
975,976
976,965
976,975
976,977
976,986
977,966
977,976
977,978
977,987
978,967
978,977
978,979
978,988
979,968
979,978
979,980
979,989
980,969
980,979
980,981
980,990
981,970
981,980
981,991
982,972
982,983
983,973
983,982
983,984
983,992
984,974
984,983
984,985
984,993
985,984
985,994
986,976
986,987
986,995
987,977
987,986
987,988
987,996
988,978
988,987
988,989
988,997
989,979
989,988
989,990
989,998
990,980
990,989
990,991
990,999
991,981
991,990
991,1000
992,983
992,993
993,984
993,992
993,994
993,1002
994,985
994,993
994,1003
995,986
995,996
996,987
996,995
996,997
996,1005
997,988
997,996
997,998
997,1006
998,989
998,997
998,999
998,1007
999,990
999,998
999,1000
999,1008
1000,991
1000,999
1000,1001
1000,1009
1001,1000
1001,1010
1002,993
1002,1003
1003,994
1003,1002
1003,1004
1003,1011
1004,1003
1004,1012
1005,996
1005,1006
1005,1013
1006,997
1006,1005
1006,1007
1006,1014
1007,998
1007,1006
1007,1008
1007,1015
1008,999
1008,1007
1008,1009
1008,1016
1009,1000
1009,1008
1009,1010
1009,1017
1010,1001
1010,1009
1010,1018
1011,1003
1011,1012
1011,1019
1012,1004
1012,1011
1012,1020
1013,1005
1013,1014
1014,1006
1014,1013
1014,1015
1014,1021
1015,1007
1015,1014
1015,1016
1015,1022
1016,1008
1016,1015
1016,1017
1016,1023
1017,1009
1017,1016
1017,1018
1017,1024
1018,1010
1018,1017
1018,1025
1019,1011
1019,1020
1019,1026
1020,1012
1020,1019
1020,1027
1021,1014
1021,1022
1021,1028
1022,1015
1022,1021
1022,1023
1022,1029
1023,1016
1023,1022
1023,1024
1023,1030
1024,1017
1024,1023
1024,1025
1024,1031
1025,1018
1025,1024
1025,1032
1026,1019
1026,1027
1026,1033
1027,1020
1027,1026
1028,1021
1028,1029
1029,1022
1029,1028
1029,1030
1029,1034
1030,1023
1030,1029
1030,1031
1030,1035
1031,1024
1031,1030
1031,1032
1031,1036
1032,1025
1032,1031
1032,1037
1033,1026
1034,1029
1034,1035
1034,1039
1035,1030
1035,1034
1035,1036
1035,1040
1036,1031
1036,1035
1036,1037
1036,1041
1037,1032
1037,1036
1037,1038
1037,1042
1038,1037
1038,1043
1039,1034
1039,1040
1039,1048
1040,1035
1040,1039
1040,1041
1040,1049
1041,1036
1041,1040
1041,1042
1041,1050
1042,1037
1042,1041
1042,1043
1042,1051
1043,1038
1043,1042
1043,1052
1044,1053
1045,1046
1045,1055
1046,1045
1046,1047
1046,1056
1047,1046
1047,1057
1048,1039
1048,1049
1049,1040
1049,1048
1049,1050
1049,1060
1050,1041
1050,1049
1050,1051
1050,1061
1051,1042
1051,1050
1051,1052
1051,1062
1052,1043
1052,1051
1052,1063
1053,1044
1053,1054
1053,1065
1054,1053
1054,1055
1054,1066
1055,1045
1055,1054
1055,1056
1055,1067
1056,1046
1056,1055
1056,1057
1056,1068
1057,1047
1057,1056
1057,1058
1057,1069
1058,1057
1058,1059
1058,1070
1059,1058
1059,1071
1060,1049
1060,1061
1060,1072
1061,1050
1061,1060
1061,1062
1061,1073
1062,1051
1062,1061
1062,1063
1062,1074
1063,1052
1063,1062
1063,1075
1064,1065
1064,1079
1065,1053
1065,1064
1065,1066
1066,1054
1066,1065
1066,1067
1067,1055
1067,1066
1067,1068
1068,1056
1068,1067
1068,1069
1069,1057
1069,1068
1069,1070
1069,1080
1070,1058
1070,1069
1070,1071
1070,1081
1071,1059
1071,1070
1071,1082
1072,1060
1072,1073
1072,1083
1073,1061
1073,1072
1073,1074
1073,1084
1074,1062
1074,1073
1074,1075
1074,1085
1075,1063
1075,1074
1075,1076
1075,1086
1076,1075
1076,1087
1077,1078
1078,1077
1079,1064
1080,1069
1080,1081
1081,1070
1081,1080
1081,1082
1082,1071
1082,1081
1082,1088
1083,1072
1083,1084
1084,1073
1084,1083
1084,1085
1084,1089
1085,1074
1085,1084
1085,1086
1085,1090
1086,1075
1086,1085
1086,1087
1086,1091
1087,1076
1087,1086
1087,1092
1088,1082
1089,1084
1089,1090
1089,1097
1090,1085
1090,1089
1090,1091
1090,1098
1091,1086
1091,1090
1091,1092
1091,1099
1092,1087
1092,1091
1092,1093
1092,1100
1093,1092
1093,1101
1094,1095
1095,1094
1095,1096
1096,1095
1096,1102
1097,1089
1097,1098
1098,1090
1098,1097
1098,1099
1098,1104
1099,1091
1099,1098
1099,1100
1099,1105
1100,1092
1100,1099
1100,1101
1100,1106
1101,1093
1101,1100
1101,1107
1102,1096
1102,1103
1103,1102
1103,1110
1104,1098
1104,1105
1105,1099
1105,1104
1105,1106
1105,1111
1106,1100
1106,1105
1106,1107
1106,1112
1107,1101
1107,1106
1107,1108
1107,1113
1108,1107
1108,1114
1109,1115
1110,1103
1111,1105
1111,1112
1111,1118
1112,1106
1112,1111
1112,1113
1112,1119
1113,1107
1113,1112
1113,1114
1113,1120
1114,1108
1114,1113
1114,1121
1115,1109
1116,1117
1117,1116
1117,1123
1118,1111
1118,1119
1119,1112
1119,1118
1119,1120
1119,1124
1120,1113
1120,1119
1120,1121
1120,1125
1121,1114
1121,1120
1121,1122
1121,1126
1122,1121
1122,1127
1123,1117
1124,1119
1124,1125
1125,1120
1125,1124
1125,1126
1125,1131
1126,1121
1126,1125
1126,1127
1126,1132
1127,1122
1127,1126
1127,1128
1127,1133
1128,1127
1128,1134
1129,1130
1129,1136
1130,1129
1130,1137
1131,1125
1131,1132
1132,1126
1132,1131
1132,1133
1133,1127
1133,1132
1133,1134
1133,1138
1134,1128
1134,1133
1134,1135
1134,1139
1135,1134
1135,1140
1136,1129
1136,1137
1137,1130
1137,1136
1137,1142
1138,1133
1138,1139
1139,1134
1139,1138
1139,1140
1139,1143
1140,1135
1140,1139
1140,1141
1140,1144
1141,1140
1141,1145
1142,1137
1143,1139
1143,1144
1144,1140
1144,1143
1144,1145
1145,1141
1145,1144
1145,1146
1145,1149
1146,1145
1146,1150
1147,1148
1148,1147
1149,1145
1149,1150
1150,1146
1150,1149
1150,1151
1151,1150
1151,1152
1151,1160
1152,1151
1152,1161
1153,1154
1154,1153
1155,1156
1156,1155
1156,1157
1157,1156
1157,1158
1158,1157
1158,1159
1158,1163
1159,1158
1159,1164
1160,1151
1160,1161
1160,1167
1161,1152
1161,1160
1161,1162
1161,1168
1162,1161
1162,1169
1163,1158
1163,1164
1164,1159
1164,1163
1164,1165
1165,1164
1165,1166
1165,1172
1166,1165
1166,1173
1167,1160
1167,1168
1168,1161
1168,1167
1168,1169
1169,1162
1169,1168
1169,1170
1169,1175
1170,1169
1170,1171
1170,1176
1171,1170
1171,1177
1172,1165
1172,1173
1173,1166
1173,1172
1173,1174
1173,1180
1174,1173
1174,1181
1175,1169
1175,1176
1176,1170
1176,1175
1176,1177
1176,1183
1177,1171
1177,1176
1177,1178
1177,1184
1178,1177
1178,1179
1178,1185
1179,1178
1179,1186
1180,1173
1180,1181
1181,1174
1181,1180
1181,1182
1182,1181
1182,1189
1183,1176
1183,1184
1184,1177
1184,1183
1184,1185
1185,1178
1185,1184
1185,1186
1185,1191
1186,1179
1186,1185
1186,1187
1186,1192
1187,1186
1187,1188
1187,1193
1188,1187
1188,1194
1189,1182
1189,1190
1190,1189
1190,1197
1191,1185
1191,1192
1192,1186
1192,1191
1192,1193
1193,1187
1193,1192
1193,1194
1193,1198
1194,1188
1194,1193
1194,1195
1194,1199
1195,1194
1195,1196
1195,1200
1196,1195
1196,1201
1197,1190
1198,1193
1198,1199
1198,1203
1199,1194
1199,1198
1199,1200
1199,1204
1200,1195
1200,1199
1200,1201
1200,1205
1201,1196
1201,1200
1201,1202
1201,1206
1202,1201
1202,1207
1203,1198
1203,1204
1204,1199
1204,1203
1204,1205
1205,1200
1205,1204
1205,1206
1205,1210
1206,1201
1206,1205
1206,1207
1206,1211
1207,1202
1207,1206
1207,1208
1207,1212
1208,1207
1208,1209
1208,1213
1209,1208
1209,1214
1210,1205
1210,1211
1211,1206
1211,1210
1211,1212
1212,1207
1212,1211
1212,1213
1212,1221
1213,1208
1213,1212
1213,1214
1213,1222
1214,1209
1214,1213
1214,1215
1214,1223
1215,1214
1215,1216
1215,1224
1216,1215
1216,1217
1216,1225
1217,1216
1217,1226
1218,1219
1219,1218
1219,1220
1219,1235
1220,1219
1220,1236
1221,1212
1221,1222
1222,1213
1222,1221
1222,1223
1223,1214
1223,1222
1223,1224
1224,1215
1224,1223
1224,1225
1224,1239
1225,1216
1225,1224
1225,1226
1225,1240
1226,1217
1226,1225
1226,1227
1226,1241
1227,1226
1227,1228
1227,1242
1228,1227
1228,1243
1229,1230
1229,1254
1230,1229
1230,1231
1230,1255
1231,1230
1231,1232
1231,1256
1232,1231
1232,1233
1232,1257
1233,1232
1233,1234
1233,1258
1234,1233
1234,1259
1235,1219
1235,1236
1236,1220
1236,1235
1236,1237
1237,1236
1237,1238
1237,1269
1238,1237
1238,1270
1239,1224
1239,1240
1240,1225
1240,1239
1240,1241
1241,1226
1241,1240
1241,1242
1241,1273
1242,1227
1242,1241
1242,1243
1242,1274
1243,1228
1243,1242
1243,1244
1243,1275
1244,1243
1244,1245
1244,1276
1245,1244
1245,1246
1245,1277
1246,1245
1246,1247
1246,1278
1247,1246
1247,1248
1247,1279
1248,1247
1248,1249
1248,1280
1249,1248
1249,1250
1249,1281
1250,1249
1250,1251
1250,1282
1251,1250
1251,1252
1251,1283
1252,1251
1252,1253
1252,1284
1253,1252
1253,1254
1253,1285
1254,1229
1254,1253
1254,1255
1254,1286
1255,1230
1255,1254
1255,1256
1255,1287
1256,1231
1256,1255
1256,1257
1256,1288
1257,1232
1257,1256
1257,1258
1257,1289
1258,1233
1258,1257
1258,1259
1258,1290
1259,1234
1259,1258
1259,1260
1259,1291
1260,1259
1260,1261
1260,1292
1261,1260
1261,1262
1261,1293
1262,1261
1262,1263
1263,1262
1263,1264
1264,1263
1264,1265
1265,1264
1265,1266
1265,1294
1266,1265
1266,1267
1266,1295
1267,1266
1267,1268
1267,1296
1268,1267
1268,1297
1269,1237
1269,1270
1270,1238
1270,1269
1270,1271
1270,1298
1271,1270
1271,1272
1271,1299
1272,1271
1272,1300
1273,1241
1273,1274
1274,1242
1274,1273
1274,1275
1275,1243
1275,1274
1275,1276
1276,1244
1276,1275
1276,1277
1277,1245
1277,1276
1277,1278
1278,1246
1278,1277
1278,1279
1279,1247
1279,1278
1279,1280
1280,1248
1280,1279
1280,1281
1280,1302
1281,1249
1281,1280
1281,1282
1281,1303
1282,1250
1282,1281
1282,1283
1283,1251
1283,1282
1283,1284
1284,1252
1284,1283
1284,1285
1285,1253
1285,1284
1285,1286
1286,1254
1286,1285
1286,1287
1287,1255
1287,1286
1287,1288
1288,1256
1288,1287
1288,1289
1289,1257
1289,1288
1289,1290
1290,1258
1290,1289
1290,1291
1291,1259
1291,1290
1291,1292
1292,1260
1292,1291
1292,1293
1293,1261
1293,1292
1294,1265
1294,1295
1295,1266
1295,1294
1295,1296
1296,1267
1296,1295
1296,1297
1296,1304
1297,1268
1297,1296
1297,1305
1298,1270
1298,1299
1299,1271
1299,1298
1299,1300
1300,1272
1300,1299
1300,1301
1300,1307
1301,1300
1301,1308
1302,1280
1302,1303
1303,1281
1303,1302
1304,1296
1304,1305
1304,1310
1305,1297
1305,1304
1305,1306
1305,1311
1306,1305
1306,1312
1307,1300
1307,1308
1308,1301
1308,1307
1308,1309
1308,1314
1309,1308
1309,1315
1310,1304
1310,1311
1311,1305
1311,1310
1311,1312
1311,1317
1312,1306
1312,1311
1312,1313
1312,1318
1313,1312
1313,1319
1314,1308
1314,1315
1315,1309
1315,1314
1315,1316
1315,1320
1316,1315
1316,1321
1317,1311
1317,1318
1317,1323
1318,1312
1318,1317
1318,1319
1318,1324
1319,1313
1319,1318
1319,1325
1320,1315
1320,1321
1320,1327
1321,1316
1321,1320
1321,1328
1322,1323
1322,1330
1323,1317
1323,1322
1323,1324
1323,1331
1324,1318
1324,1323
1324,1325
1324,1332
1325,1319
1325,1324
1325,1326
1325,1333
1326,1325
1326,1334
1327,1320
1327,1328
1328,1321
1328,1327
1329,1330
1329,1340
1330,1322
1330,1329
1330,1331
1330,1341
1331,1323
1331,1330
1331,1332
1331,1342
1332,1324
1332,1331
1332,1333
1332,1343
1333,1325
1333,1332
1333,1334
1333,1344
1334,1326
1334,1333
1334,1345
1335,1336
1336,1335
1336,1337
1336,1346
1337,1336
1337,1347
1338,1339
1338,1352
1339,1338
1339,1340
1339,1353
1340,1329
1340,1339
1340,1341
1340,1354
1341,1330
1341,1340
1341,1342
1341,1355
1342,1331
1342,1341
1342,1343
1342,1356
1343,1332
1343,1342
1343,1344
1343,1357
1344,1333
1344,1343
1344,1345
1344,1358
1345,1334
1345,1344
1345,1359
1346,1336
1346,1347
1347,1337
1347,1346
1347,1348
1347,1360
1348,1347
1348,1349
1348,1361
1349,1348
1349,1362
1350,1351
1350,1366
1351,1350
1351,1352
1351,1367
1352,1338
1352,1351
1352,1353
1352,1368
1353,1339
1353,1352
1353,1354
1353,1369
1354,1340
1354,1353
1354,1355
1354,1370
1355,1341
1355,1354
1355,1356
1355,1371
1356,1342
1356,1355
1356,1357
1356,1372
1357,1343
1357,1356
1357,1358
1357,1373
1358,1344
1358,1357
1358,1359
1358,1374
1359,1345
1359,1358
1359,1375
1360,1347
1360,1361
1361,1348
1361,1360
1361,1362
1362,1349
1362,1361
1362,1363
1362,1376
1363,1362
1363,1377
1364,1365
1365,1364
1365,1366
1365,1379
1366,1350
1366,1365
1366,1367
1366,1380
1367,1351
1367,1366
1367,1368
1367,1381
1368,1352
1368,1367
1368,1369
1368,1382
1369,1353
1369,1368
1369,1370
1369,1383
1370,1354
1370,1369
1370,1371
1370,1384
1371,1355
1371,1370
1371,1372
1371,1385
1372,1356
1372,1371
1372,1373
1372,1386
1373,1357
1373,1372
1373,1374
1373,1387
1374,1358
1374,1373
1374,1375
1374,1388
1375,1359
1375,1374
1375,1389
1376,1362
1376,1377
1377,1363
1377,1376
1377,1378
1378,1377
1378,1391
1379,1365
1379,1380
1379,1393
1380,1366
1380,1379
1380,1381
1380,1394
1381,1367
1381,1380
1381,1382
1381,1395
1382,1368
1382,1381
1382,1383
1382,1396
1383,1369
1383,1382
1383,1384
1383,1397
1384,1370
1384,1383
1384,1385
1384,1398
1385,1371
1385,1384
1385,1386
1385,1399
1386,1372
1386,1385
1386,1387
1386,1400
1387,1373
1387,1386
1387,1388
1387,1401
1388,1374
1388,1387
1388,1389
1388,1402
1389,1375
1389,1388
1389,1390
1389,1403
1390,1389
1390,1404
1391,1378
1391,1392
1392,1391
1392,1405
1393,1379
1393,1394
1393,1407
1394,1380
1394,1393
1394,1395
1394,1408
1395,1381
1395,1394
1395,1396
1395,1409
1396,1382
1396,1395
1396,1397
1396,1410
1397,1383
1397,1396
1397,1398
1397,1411
1398,1384
1398,1397
1398,1399
1398,1412
1399,1385
1399,1398
1399,1400
1399,1413
1400,1386
1400,1399
1400,1401
1400,1414
1401,1387
1401,1400
1401,1402
1401,1415
1402,1388
1402,1401
1402,1403
1402,1416
1403,1389
1403,1402
1403,1404
1403,1417
1404,1390
1404,1403
1404,1418
1405,1392
1405,1406
1406,1405
1406,1419
1407,1393
1407,1408
1408,1394
1408,1407
1408,1409
1408,1423
1409,1395
1409,1408
1409,1410
1409,1424
1410,1396
1410,1409
1410,1411
1410,1425
1411,1397
1411,1410
1411,1412
1411,1426
1412,1398
1412,1411
1412,1413
1412,1427
1413,1399
1413,1412
1413,1414
1413,1428
1414,1400
1414,1413
1414,1415
1414,1429
1415,1401
1415,1414
1415,1416
1415,1430
1416,1402
1416,1415
1416,1417
1416,1431
1417,1403
1417,1416
1417,1418
1417,1432
1418,1404
1418,1417
1418,1433
1419,1406
1419,1420
1420,1419
1420,1421
1420,1434
1421,1420
1421,1422
1421,1435
1422,1421
1422,1436
1423,1408
1423,1424
1424,1409
1424,1423
1424,1425
1425,1410
1425,1424
1425,1426
1426,1411
1426,1425
1426,1427
1426,1441
1427,1412
1427,1426
1427,1428
1427,1442
1428,1413
1428,1427
1428,1429
1428,1443
1429,1414
1429,1428
1429,1430
1429,1444
1430,1415
1430,1429
1430,1431
1430,1445
1431,1416
1431,1430
1431,1432
1431,1446
1432,1417
1432,1431
1432,1433
1432,1447
1433,1418
1433,1432
1433,1448
1434,1420
1434,1435
1435,1421
1435,1434
1435,1436
1436,1422
1436,1435
1436,1437
1437,1436
1437,1438
1437,1450
1438,1437
1438,1439
1438,1451
1439,1438
1439,1440
1439,1452
1440,1439
1440,1453
1441,1426
1441,1442
1442,1427
1442,1441
1442,1443
1443,1428
1443,1442
1443,1444
1444,1429
1444,1443
1444,1445
1444,1455
1445,1430
1445,1444
1445,1446
1445,1456
1446,1431
1446,1445
1446,1447
1446,1457
1447,1432
1447,1446
1447,1448
1447,1458
1448,1433
1448,1447
1448,1449
1448,1459
1449,1448
1449,1460
1450,1437
1450,1451
1451,1438
1451,1450
1451,1452
1452,1439
1452,1451
1452,1453
1453,1440
1453,1452
1453,1454
1453,1463
1454,1453
1455,1444
1455,1456
1456,1445
1456,1455
1456,1457
1457,1446
1457,1456
1457,1458
1457,1466
1458,1447
1458,1457
1458,1459
1458,1467
1459,1448
1459,1458
1459,1460
1459,1468
1460,1449
1460,1459
1460,1461
1460,1469
1461,1460
1461,1470
1462,1472
1463,1453
1464,1465
1465,1464
1465,1475
1466,1457
1466,1467
1467,1458
1467,1466
1467,1468
1468,1459
1468,1467
1468,1469
1469,1460
1469,1468
1469,1470
1469,1481
1470,1461
1470,1469
1470,1471
1470,1482
1471,1470
1471,1483
1472,1462
1472,1473
1472,1486
1473,1472
1473,1474
1473,1487
1474,1473
1475,1465
1476,1477
1476,1492
1477,1476
1477,1478
1478,1477
1478,1479
1479,1478
1479,1480
1480,1479
1481,1469
1481,1482
1482,1470
1482,1481
1482,1483
1483,1471
1483,1482
1483,1484
1484,1483
1484,1496
1485,1486
1486,1472
1486,1485
1486,1487
1487,1473
1487,1486
1488,1489
1489,1488
1489,1502
1490,1491
1490,1504
1491,1490
1491,1492
1491,1505
1492,1476
1492,1491
1493,1494
1494,1493
1494,1495
1494,1508
1495,1494
1495,1509
1496,1484
1496,1497
1497,1496
1497,1498
1498,1497
1498,1512
1499,1500
1500,1499
1500,1501
1500,1515
1501,1500
1501,1516
1502,1489
1502,1503
1502,1519
1503,1502
1504,1490
1504,1505
1505,1491
1505,1504
1506,1507
1507,1506
1508,1494
1508,1509
1509,1495
1509,1508
1509,1510
1510,1509
1510,1511
1510,1520
1511,1510
1511,1521
1512,1498
1512,1513
1513,1512
1513,1514
1514,1513
1515,1500
1515,1516
1516,1501
1516,1515
1516,1517
1517,1516
1518,1519
1518,1525
1519,1502
1519,1518
1520,1510
1520,1521
1521,1511
1521,1520
1521,1522
1521,1526
1522,1521
1522,1527
1523,1524
1524,1523
1525,1518
1526,1521
1526,1527
1527,1522
1527,1526
1527,1528
1527,1534
1528,1527
1528,1535
1529,1530
1530,1529
1531,1541
1532,1533
1532,1543
1533,1532
1533,1544
1534,1527
1534,1535
1534,1545
1535,1528
1535,1534
1535,1536
1535,1546
1536,1535
1536,1547
1537,1538
1538,1537
1539,1540
1539,1548
1540,1539
1540,1541
1541,1531
1541,1540
1541,1549
1542,1552
1543,1532
1543,1544
1544,1533
1544,1543
1544,1553
1545,1534
1545,1546
1546,1535
1546,1545
1546,1547
1546,1554
1547,1536
1547,1546
1547,1555
1548,1539
1548,1557
1549,1541
1549,1550
1549,1559
1550,1549
1550,1560
1551,1552
1551,1567
1552,1542
1552,1551
1553,1544
1553,1568
1554,1546
1554,1555
1555,1547
1555,1554
1555,1556
1555,1570
1556,1555
1556,1571
1557,1548
1557,1558
1557,1577
1558,1557
1558,1559
1558,1578
1559,1549
1559,1558
1559,1560
1559,1579
1560,1550
1560,1559
1560,1561
1560,1580
1561,1560
1561,1562
1561,1581
1562,1561
1562,1563
1562,1582
1563,1562
1563,1583
1564,1565
1565,1564
1565,1566
1566,1565
1566,1567
1567,1551
1567,1566
1568,1553
1568,1569
1569,1568
1569,1587
1570,1555
1570,1571
1571,1556
1571,1570
1571,1572
1571,1588
1572,1571
1572,1589
1573,1574
1574,1573
1574,1575
1574,1590
1575,1574
1575,1591
1576,1593
1577,1557
1577,1578
1578,1558
1578,1577
1578,1579
1578,1594
1579,1559
1579,1578
1579,1580
1579,1595
1580,1560
1580,1579
1580,1581
1580,1596
1581,1561
1581,1580
1581,1582
1581,1597
1582,1562
1582,1581
1582,1583
1582,1598
1583,1563
1583,1582
1583,1584
1583,1599
1584,1583
1584,1585
1584,1600
1585,1584
1585,1586
1585,1601
1586,1585
1587,1569
1588,1571
1588,1589
1589,1572
1589,1588
1589,1603
1590,1574
1590,1591
1591,1575
1591,1590
1591,1592
1592,1591
1592,1605
1593,1576
1594,1578
1594,1595
1595,1579
1595,1594
1595,1596
1596,1580
1596,1595
1596,1597
1597,1581
1597,1596
1597,1598
1598,1582
1598,1597
1598,1599
1599,1583
1599,1598
1599,1600
1600,1584
1600,1599
1600,1601
1601,1585
1601,1600
1602,1608
1603,1589
1603,1604
1604,1603
1604,1610
1605,1592
1605,1606
1606,1605
1606,1607
1607,1606
1607,1611
1608,1602
1608,1609
1608,1614
1609,1608
1609,1615
1610,1604
1610,1616
1611,1607
1611,1612
1612,1611
1612,1613
1613,1612
1614,1608
1614,1615
1615,1609
1615,1614
1615,1620
1616,1610
1616,1617
1617,1616
1618,1619
1619,1618
1620,1615
1621,1622
1622,1621
1622,1624
1623,1627
1624,1622
1625,1626
1626,1625
1627,1623
1627,1634
1628,1629
1629,1628
1629,1635
1630,1631
1631,1630
1631,1632
1632,1631
1632,1633
1632,1637
1633,1632
1633,1638
1634,1627
1635,1629
1635,1636
1636,1635
1636,1640
1637,1632
1637,1638
1637,1642
1638,1633
1638,1637
1638,1643
1639,1645
1640,1636
1640,1641
1641,1640
1641,1648
1642,1637
1642,1643
1643,1638
1643,1642
1643,1644
1643,1650
1644,1643
1644,1651
1645,1639
1645,1646
1646,1645
1646,1653
1647,1656
1648,1641
1648,1649
1648,1657
1649,1648
1649,1658
1650,1643
1650,1651
1651,1644
1651,1650
1651,1652
1651,1664
1652,1651
1652,1665
1653,1646
1653,1654
1654,1653
1654,1667
1655,1656
1655,1668
1656,1647
1656,1655
1656,1669
1657,1648
1657,1658
1658,1649
1658,1657
1658,1670
1659,1660
1660,1659
1660,1661
1661,1660
1661,1662
1662,1661
1662,1663
1662,1672
1663,1662
1664,1651
1664,1665
1665,1652
1665,1664
1665,1666
1666,1665
1667,1654
1667,1675
1668,1655
1668,1669
1668,1677
1669,1656
1669,1668
1669,1678
1670,1658
1670,1671
1670,1679
1671,1670
1671,1680
1672,1662
1673,1674
1673,1682
1674,1673
1675,1667
1675,1683
1676,1677
1676,1685
1677,1668
1677,1676
1677,1678
1678,1669
1678,1677
1679,1670
1679,1680
1680,1671
1680,1679
1680,1681
1680,1686
1681,1680
1681,1687
1682,1673
1683,1675
1684,1685
1684,1688
1685,1676
1685,1684
1686,1680
1686,1687
1687,1681
1687,1686
1688,1684
1689,1690
1690,1689
1691,1704
1692,1706
1693,1707
1694,1695
1695,1694
1695,1696
1696,1695
1696,1697
1697,1696
1697,1698
1698,1697
1698,1699
1699,1698
1699,1700
1700,1699
1700,1701
1700,1708
1701,1700
1701,1702
1701,1709
1702,1701
1702,1703
1702,1710
1703,1702
1703,1711
1704,1691
1704,1713
1705,1706
1706,1692
1706,1705
1707,1693
1707,1715
1708,1700
1708,1709
1709,1701
1709,1708
1709,1710
1709,1716
1710,1702
1710,1709
1710,1711
1710,1717
1711,1703
1711,1710
1711,1712
1711,1718
1712,1711
1712,1719
1713,1704
1713,1720
1714,1715
1714,1724
1715,1707
1715,1714
1715,1725
1716,1709
1716,1717
1717,1710
1717,1716
1717,1718
1718,1711
1718,1717
1718,1719
1718,1726
1719,1712
1719,1718
1719,1727
1720,1713
1720,1729
1721,1722
1722,1721
1723,1724
1723,1731
1724,1714
1724,1723
1724,1725
1724,1732
1725,1715
1725,1724
1726,1718
1726,1727
1727,1719
1727,1726
1727,1728
1727,1733
1728,1727
1728,1734
1729,1720
1729,1737
1730,1731
1730,1741
1731,1723
1731,1730
1731,1732
1731,1742
1732,1724
1732,1731
1733,1727
1733,1734
1733,1743
1734,1728
1734,1733
1734,1735
1734,1744
1735,1734
1735,1745
1736,1737
1737,1729
1737,1736
1738,1739
1739,1738
1740,1741
1740,1748
1741,1730
1741,1740
1741,1742
1741,1749
1742,1731
1742,1741
1742,1750
1743,1733
1743,1744
1744,1734
1744,1743
1744,1745
1744,1751
1745,1735
1745,1744
1745,1752
1746,1747
1746,1754
1747,1746
1747,1755
1748,1740
1748,1749
1749,1741
1749,1748
1749,1750
1749,1756
1750,1742
1750,1749
1751,1744
1751,1752
1751,1757
1752,1745
1752,1751
1752,1758
1753,1754
1753,1759
1754,1746
1754,1753
1754,1755
1754,1760
1755,1747
1755,1754
1755,1761
1756,1749
1756,1763
1757,1751
1757,1758
1758,1752
1758,1757
1758,1764
1759,1753
1759,1760
1759,1767
1760,1754
1760,1759
1760,1761
1760,1768
1761,1755
1761,1760
1761,1769
1762,1772
1763,1756
1764,1758
1764,1765
1765,1764
1766,1767
1766,1776
1767,1759
1767,1766
1767,1768
1767,1777
1768,1760
1768,1767
1768,1769
1768,1778
1769,1761
1769,1768
1769,1779
1770,1771
1770,1782
1771,1770
1771,1783
1772,1762
1773,1774
1773,1786
1774,1773
1775,1787
1776,1766
1776,1777
1777,1767
1777,1776
1777,1778
1778,1768
1778,1777
1778,1779
1779,1769
1779,1778
1779,1780
1779,1790
1780,1779
1780,1781
1780,1791
1781,1780
1781,1782
1781,1792
1782,1770
1782,1781
1782,1783
1782,1793
1783,1771
1783,1782
1783,1794
1784,1796
1785,1786
1785,1797
1786,1773
1786,1785
1787,1775
1787,1788
1787,1798
1788,1787
1788,1789
1788,1799
1789,1788
1789,1800
1790,1779
1790,1791
1791,1780
1791,1790
1791,1792
1791,1804
1792,1781
1792,1791
1792,1793
1792,1805
1793,1782
1793,1792
1793,1794
1793,1806
1794,1783
1794,1793
1795,1807
1796,1784
1796,1808
1797,1785
1798,1787
1798,1799
1798,1809
1799,1788
1799,1798
1799,1800
1799,1810
1800,1789
1800,1799
1800,1801
1800,1811
1801,1800
1801,1802
1801,1812
1802,1801
1802,1803
1803,1802
1804,1791
1804,1805
1804,1813
1805,1792
1805,1804
1805,1806
1806,1793
1806,1805
1807,1795
1807,1814
1808,1796
1809,1798
1809,1810
1810,1799
1810,1809
1810,1811
1811,1800
1811,1810
1811,1812
1812,1801
1812,1811
1813,1804
1813,1816
1814,1807
1814,1817
1815,1818
1816,1813
1816,1819
1817,1814
1818,1815
1819,1816
1819,1820
1820,1819
1820,1822
1821,1823
1822,1820
1822,1824
1823,1821
1824,1822
1825,1826
1826,1825
1826,1827
1827,1826
1827,1830
1828,1829
1829,1828
1830,1827
1831,1833
1832,1835
1833,1831
1834,1835
1834,1837
1835,1832
1835,1834
1836,1838
1837,1834
1837,1839
1838,1836
1838,1846
1839,1837
1839,1849
1840,1841
1840,1852
1841,1840
1841,1853
1842,1843
1842,1855
1843,1842
1843,1844
1843,1856
1844,1843
1844,1845
1845,1844
1846,1838
1846,1858
1847,1859
1848,1849
1848,1860
1849,1839
1849,1848
1849,1850
1850,1849
1851,1852
1851,1861
1852,1840
1852,1851
1852,1853
1852,1862
1853,1841
1853,1852
1853,1854
1853,1863
1854,1853
1854,1855
1854,1864
1855,1842
1855,1854
1855,1856
1855,1865
1856,1843
1856,1855
1857,1858
1858,1846
1858,1857
1859,1847
1859,1869
1860,1848
1861,1851
1861,1862
1862,1852
1862,1861
1862,1863
1862,1870
1863,1853
1863,1862
1863,1864
1863,1871
1864,1854
1864,1863
1864,1865
1864,1872
1865,1855
1865,1864
1866,1867
1867,1866
1867,1873
1868,1869
1869,1859
1869,1868
1869,1874
1870,1862
1870,1871
1870,1880
1871,1863
1871,1870
1871,1872
1871,1881
1872,1864
1872,1871
1873,1867
1874,1869
1874,1875
1875,1874
1876,1877
1876,1882
1877,1876
1877,1878
1877,1883
1878,1877
1879,1880
1879,1884
1880,1870
1880,1879
1880,1881
1880,1885
1881,1871
1881,1880
1881,1886
1882,1876
1882,1883
1883,1877
1883,1882
1884,1879
1884,1885
1884,1892
1885,1880
1885,1884
1885,1886
1886,1881
1886,1885
1887,1888
1888,1887
1889,1890
1890,1889
1891,1892
1892,1884
1892,1891
1893,1894
1894,1893
1895,1896
1896,1895
1896,1897
1897,1896
1898,1899
1899,1898
1899,1900
1900,1899
1900,1901
1901,1900
1902,1903
1903,1902
1904,1905
1905,1904
1906,1907
1907,1906
1907,1908
1908,1907
1909,1923
1910,1911
1910,1927
1911,1910
1911,1928
1912,1913
1912,1930
1913,1912
1913,1931
1914,1915
1915,1914
1916,1917
1917,1916
1918,1919
1919,1918
1919,1920
1920,1919
1920,1921
1921,1920
1921,1922
1922,1921
1923,1909
1924,1925
1925,1924
1925,1934
1926,1927
1927,1910
1927,1926
1927,1928
1928,1911
1928,1927
1928,1929
1928,1935
1929,1928
1929,1930
1929,1936
1930,1912
1930,1929
1930,1931
1930,1937
1931,1913
1931,1930
1932,1933
1933,1932
1934,1925
1935,1928
1935,1936
1935,1939
1936,1929
1936,1935
1936,1937
1936,1940
1937,1930
1937,1936
1938,1939
1938,1943
1939,1935
1939,1938
1939,1940
1939,1944
1940,1936
1940,1939
1940,1945
1941,1942
1942,1941
1943,1938
1943,1944
1944,1939
1944,1943
1944,1945
1944,1946
1945,1940
1945,1944
1945,1947
1946,1944
1946,1947
1947,1945
1947,1946
1947,1948
1948,1947
1948,1949
1949,1948
1949,1950
1950,1949
1950,1951
1951,1950
1951,1952
1951,1953
1952,1951
1952,1954
1953,1951
1953,1954
1953,1957
1954,1952
1954,1953
1954,1955
1955,1954
1955,1956
1955,1958
1956,1955
1956,1959
1957,1953
1958,1955
1958,1959
1959,1956
1959,1958
1959,1960
1959,1962
1960,1959
1960,1963
1961,1971
1962,1959
1962,1963
1963,1960
1963,1962
1963,1964
1964,1963
1964,1972
1965,1966
1965,1974
1966,1965
1966,1967
1967,1966
1967,1968
1967,1975
1968,1967
1968,1969
1968,1976
1969,1968
1969,1970
1969,1977
1970,1969
1970,1978
1971,1961
1971,1980
1972,1964
1972,1973
1973,1972
1973,1974
1974,1965
1974,1973
1975,1967
1975,1976
1976,1968
1976,1975
1976,1977
1977,1969
1977,1976
1977,1978
1978,1970
1978,1977
1978,1979
1978,1981
1979,1978
1979,1982
1980,1971
1981,1978
1981,1982
1982,1979
1982,1981
1982,1983
1982,1988
1983,1982
1983,1984
1984,1983
1984,1985
1984,1989
1985,1984
1985,1986
1985,1990
1986,1985
1986,1991
1987,1993
1988,1982
1989,1984
1989,1990
1990,1985
1990,1989
1990,1991
1991,1986
1991,1990
1991,1992
1991,1994
1992,1991
1992,1995
1993,1987
1993,1997
1994,1991
1994,1995
1995,1992
1995,1994
1995,1996
1995,1999
1996,1995
1996,2000
1997,1993
1997,1998
1997,2003
1998,1997
1998,2004
1999,1995
1999,2000
2000,1996
2000,1999
2000,2001
2001,2000
2001,2002
2001,2005
2002,2001
2002,2006
2003,1997
2003,2004
2004,1998
2004,2003
2004,2009
2005,2001
2005,2006
2006,2002
2006,2005
2006,2007
2007,2006
2007,2008
2007,2011
2008,2007
2008,2012
2009,2004
2009,2010
2010,2009
2011,2007
2011,2012
2012,2008
2012,2011
2012,2013
2013,2012
2013,2014
2013,2017
2014,2013
2014,2015
2014,2018
2015,2014
2015,2019
2016,2022
2017,2013
2017,2018
2018,2014
2018,2017
2018,2019
2019,2015
2019,2018
2019,2020
2019,2023
2020,2019
2020,2021
2020,2024
2021,2020
2021,2025
2022,2016
2022,2027
2023,2019
2023,2024
2024,2020
2024,2023
2024,2025
2025,2021
2025,2024
2025,2026
2025,2028
2026,2025
2026,2029
2027,2022
2028,2025
2028,2029
2029,2026
2029,2028
2029,2030
2029,2032
2030,2029
2030,2031
2030,2033
2031,2030
2031,2034
2032,2029
2032,2033
2033,2030
2033,2032
2033,2034
2034,2031
2034,2033
2034,2035
2035,2034
2035,2036
2035,2041
2036,2035
2036,2037
2036,2042
2037,2036
2037,2043
2038,2039
2038,2046
2039,2038
2039,2040
2039,2047
2040,2039
2040,2048
2041,2035
2041,2042
2042,2036
2042,2041
2042,2043
2043,2037
2043,2042
2043,2044
2044,2043
2044,2045
2044,2053
2045,2044
2045,2046
2045,2054
2046,2038
2046,2045
2046,2047
2046,2055
2047,2039
2047,2046
2047,2048
2047,2056
2048,2040
2048,2047
2048,2049
2048,2057
2049,2048
2049,2050
2049,2058
2050,2049
2050,2051
2050,2059
2051,2050
2051,2052
2051,2060
2052,2051
2052,2061
2053,2044
2053,2054
2054,2045
2054,2053
2054,2055
2055,2046
2055,2054
2055,2056
2056,2047
2056,2055
2056,2057
2057,2048
2057,2056
2057,2058
2058,2049
2058,2057
2058,2059
2059,2050
2059,2058
2059,2060
2060,2051
2060,2059
2060,2061
2060,2063
2061,2052
2061,2060
2061,2062
2061,2064
2062,2061
2062,2065
2063,2060
2063,2064
2064,2061
2064,2063
2064,2065
2065,2062
2065,2064
2065,2066
2065,2067
2066,2065
2066,2068
2067,2065
2067,2068
2068,2066
2068,2067
2068,2069
2069,2068
2069,2070
2070,2069
2070,2071
2071,2070
2071,2073
2072,2075
2073,2071
2073,2074
2073,2076
2074,2073
2074,2077
2075,2072
2075,2079
2076,2073
2076,2077
2077,2074
2077,2076
2078,2079
2078,2083
2079,2075
2079,2078
2079,2084
2080,2081
2081,2080
2081,2082
2081,2085
2082,2081
2082,2086
2083,2078
2083,2084
2084,2079
2084,2083
2084,2089
2085,2081
2085,2086
2086,2082
2086,2085
2086,2087
2087,2086
2087,2088
2088,2087
2088,2090
2089,2084
2090,2088
2090,2091
2091,2090
2091,2092
2092,2091
2092,2093
2093,2092
2093,2094
2093,2100
2094,2093
2094,2095
2094,2101
2095,2094
2095,2096
2095,2102
2096,2095
2096,2097
2096,2103
2097,2096
2097,2098
2097,2104
2098,2097
2098,2099
2098,2105
2099,2098
2099,2106
2100,2093
2100,2101
2101,2094
2101,2100
2101,2102
2102,2095
2102,2101
2102,2103
2103,2096
2103,2102
2103,2104
2104,2097
2104,2103
2104,2105
2105,2098
2105,2104
2105,2106
2105,2111
2106,2099
2106,2105
2106,2107
2106,2112
2107,2106
2107,2108
2107,2113
2108,2107
2108,2109
2109,2108
2109,2110
2110,2109
2111,2105
2111,2112
2112,2106
2112,2111
2112,2113
2112,2114
2113,2107
2113,2112
2114,2112
2115,2116
2116,2115
2116,2118
2117,2118
2118,2116
2118,2117
2118,2119
2119,2118
